1,column,1
1,whole_answer_ratio,0.1227
1,category_name,1,2,3,4
1,sample_count,17699,4266,5733,2302
1,answer_ratio,0.15616701508559805,0.13220815752461323,0.0282574568288854,0.08297132927888792
2,column,2
2,whole_answer_ratio,0.1227
2,category_name,20,30,40,50,60
2,sample_count,5215,5788,6508,6674,5815
2,answer_ratio,0.2015340364333653,0.13908085694540429,0.11416717885679165,0.10937968234941564,0.06053310404127257
3,column,3
3,whole_answer_ratio,0.1227
3,category_name,0,1,-9999
3,sample_count,5641,22777,1582
3,answer_ratio,0.18046445665662117,0.11687228344382491,6.321112515802782E-4
4,column,4
4,whole_answer_ratio,0.1227
4,category_name,1,2,3,4,5,-9999
4,sample_count,18810,1549,2109,2792,3864,876
4,answer_ratio,0.1115364167995747,0.105229180116204,0.112375533428165,0.126432664756447,0.18530020703933747,0.13013698630136986
5,column,5
5,whole_answer_ratio,0.1227
5,category_name,0,1
5,sample_count,22621,7379
5,answer_ratio,0.11290393881791255,0.15273072232009757
6,column,6
6,whole_answer_ratio,0.1227
6,category_name,0,1,5,10,15
6,sample_count,6852,9507,9068,3276,1297
6,answer_ratio,0.15863981319322826,0.13737246239612916,0.11116012351124835,0.06868131868131869,0.04240555127216654
7,column,7
7,whole_answer_ratio,0.1227
7,category_name,1,2
7,sample_count,22582,7418
7,answer_ratio,0.1403330085909131,0.06902129954165544
8,column,8
8,whole_answer_ratio,0.1227
8,category_name,1,20,30,40
8,sample_count,23925,986,1750,3339
8,answer_ratio,0.11134796238244514,0.07403651115618662,0.13257142857142856,0.21323749625636418
9,column,9
9,whole_answer_ratio,0.1227
9,category_name,0,1,5,10,20
9,sample_count,18304,7414,2468,908,906
9,answer_ratio,0.11145104895104894,0.13919611545724306,0.103322528363047,0.16079295154185022,0.22958057395143489
10,column,10
10,whole_answer_ratio,0.1227
10,category_name,1,2,3,4,5,6,7,8
10,sample_count,3742,3221,4567,2189,1083,4734,7720,2744
10,answer_ratio,0.11704970603955105,0.13660353927351754,0.1418874534705496,0.1566925536774783,0.07386888273314866,0.11660329531051965,0.11619170984455958,0.10313411078717201
11,column,11
11,whole_answer_ratio,0.1227
11,category_name,1,2,3,4,5,6,7,8,99
11,sample_count,3825,1798,5239,1128,586,4694,2083,10011,636
11,answer_ratio,0.12156862745098039,0.14794215795328142,0.1618629509448368,0.11790780141843972,0.08873720136518772,0.11312313591819344,0.07057129140662506,0.11347517730496454,0.1619496855345912
